Workbook

Sheet Bug Report
A1: HireHub - Bug Identification & Reporting
A2: Product Name | B2: HireHub | D2: Report Date | E2: 30/06/2026
A3: Application URL | B3: hirehub-client-mauve.vercel.app | D3: Reported By | E3: [Your Name]
A4: Total Bugs Found | B4: =COUNTA(A9:A40) -> 32 | D4: Environment | E4: Chrome Browser (Desktop & Mobile), Vercel-hosted
A8: Bug ID | B8: Title | C8: Module | D8: Severity | E8: Priority | F8: Environment | G8: Preconditions | H8: Steps to Reproduce | I8: Expected Result | J8: Actual Result | K8: Screenshot / Video Evidence
A9: BUG-001 | B9: Broken navbar logo and missing brand name; mobile layout spacing issues | C9: Home Page | D9: Medium | E9: Medium | F9: Chrome Browser - Mobile View (412 x 915), Samsung Galaxy S20 Ultra, HireHub Web App (Vercel hosted) | G9: User is on browser | H9: 1. Open HireHub Application URL. 2. Verify Header/Navbar elements (Logo, Home, Find Jobs, Sign In, Sign Up). 3. Check layout on different screen sizes. | I9: The home page will render perfectly, with all elements properly aligned and the design fully responsive. | J9: Step 1 are working as expected. Step 2:A major bug was found in the Header/Navbar component. The website's main logo image fails to load (displaying a broken image icon), and the text/brand name next to the logo is completely missing. However, other menu items (e.g., Find Jobs, Browse Companies, etc.) are rendering correctly. Step 3: Layout breaks on mobile screen sizes (e.g., Samsung Galaxy S20 Ultra). Bottom padding is missing, side padding is uneven, and top navbar icons lack proper spacing/alignment. | K9: https://prnt.sc/wnmBv74P17b5
A10: BUG-002 | B10: Empty/blank search input displays dummy test data without validation | C10: Home Page | D10: Low | E10: Medium | F10: Chrome Browser - Desktop, HireHub Web App (Vercel hosted) | G10: User is on Home Page | H10: 1. Leave the search field empty, or enter only spaces, then click the search button. | I10: A validation error will be shown, or by default all available jobs will be listed; the system will not crash. | J10: Clicking the search button with an empty input field or only spaces redirects the user to the "Latest public jobs" page (/jobs) and displays all listings, including dummy/test data (e.g., 'ASDFXGCaa', 'aaaaaaaaaa'). No frontend validation error or empty-state restriction is triggered. | K10: https://www.loom.com/share/7dcfe696aac5439187def4b6882b43f1
A11: BUG-003 | B11: Category filter returns 0 results and shows raw '[]' instead of empty-state UI | C11: Home Page | D11: Medium | E11: High | F11: Chrome Browser - Desktop, HireHub Web App (Vercel hosted) | G11: User is on Home Page | H11: 1. Scroll down and view the category cards. 2. Click on any one category (e.g., Technology). | I11: Jobs under that specific category will be filtered and displayed. | J11: Clicking the category card (e.g., 'UI/UX & Design') correctly adds the query parameter ?searchTerm=design to the URL. However, the system fails to fetch or display jobs properly, resulting in "0 public job listings" matched and raw code brackets [] rendering on the page instead of a clean empty-state UI. | K11: https://www.loom.com/share/57fd1ad61b7a4a3ba619c89ebe23d660
A12: BUG-004 | B12: Featured Jobs section populated with dummy/placeholder data | C12: Home Page | D12: Low | E12: Medium | F12: Chrome Browser - Desktop, HireHub Web App (Vercel hosted) | G12: User is on Home Page | H12: 1. Scroll through the Featured Jobs section. 2. Check whether Job Title, Company Name, Location, and Job Type are displaying properly. | I12: All job details will accurately populate the visual template. | J12: The Featured Jobs section displays the structure of the cards properly, and elements like Job Title, Company Name, Location, and Job Type are visible. However, the system is populated with raw dummy/test data (e.g., Title: 'ASDFXGCaa', 'aaaaaaaaaa'; Location: 'ASDFXGCASDFXGC'). | K12: https://www.loom.com/share/3fd4bc13626b464ab109322bad8b7f7c
A13: BUG-005 | B13: Footer navigation links, social icons, and logo are broken/non-functional | C13: Home Page | D13: High | E13: High | F13: Chrome Browser - Desktop, HireHub Web App (Vercel hosted) | G13: User is on Home Page | H13: 1. Scroll to the footer section. 2. Verify the social media icons (Facebook, LinkedIn) and the copyright text. | I13: Footer links will render properly and the text will be accurate. | J13: Multiple critical bugs found in the Footer section: The brand logo image fails to load and shows a broken image icon. Although social media icons (GitHub, Twitter, LinkedIn, Facebook) and copyright text are visible, clicking on the social media icons does not work (links are broken or unclickable). None of the footer navigation links under "FOR CANDIDATES", "FOR EMPLOYERS", and "COMPANY & LEGAL" (e.g., Explore Jobs, Post a Job, About Us, Privacy Policy, etc.) are functional; they do not open or redirect to any page. | K13: https://prnt.sc/cRO_qwR0pl8l
A14: BUG-006 | B14: Missing role selection toggle (Admin/Recruiter/Candidate) on Sign In page | C14: Authentication | D14: Medium | E14: Medium | F14: Chrome Browser - Desktop, HireHub Web App (Vercel hosted) | G14: User has a pre-registered account (Admin, Recruiter, or Candidate) | H14: 1. Open the Sign In page (/sign-in). 2. Input a valid registered email address (e.g., recruiter@hirehub.com). 3. Input the correct matching password. 4. Click the 'Sign In' button. 5.Check the different user roles displayed on the Sign In / Sign Up page. | I14: The system validates credentials, establishes a secure JWT session, and safely redirects the user to their respective role-based dashboard dashboard panel. | J14: While the credentials input and basic login flow work, a bug was found in Step 5: There are no user role toggles or options (Admin/Recruiter/Candidate) displayed on the Sign In page, making it impossible to verify or switch between different roles during the login process. | K14: https://prnt.sc/TuxGiBVEAg-E
A15: BUG-007 | B15: Sign Up form submission fails - no new account is created | C15: Authentication | D15: Critical | E15: Critical | F15: Chrome Browser - Desktop, HireHub Web App (Vercel hosted) | G15: User is a fresh applicant visiting the public signup gate | H15: 1. Open the Sign Up page. 2. Fill out unique matching values into User Name, Email, Password, and Confirm Password fields. 3. Click the 'Sign Up' action button. | I15: Account is generated successfully in the storage system and user receives a success confirmation message or automated route forwarding. | J15: The registration process fails in Step 3. After filling out all the required fields (User Name, Email, Password, and Confirm Password) with valid, unique details and clicking the 'Sign Up' action button, the system does not process the request. No new account is created, and the user remains stuck on the signup screen without any success message or validation feedback. | K15: https://prnt.sc/NFUi9T7e6DxM
A16: BUG-008 | B16: Broken/missing 'auth-side-bg' banner image on Sign In page | C16: Authentication | D16: Low | E16: Low | F16: Chrome Browser - Desktop, HireHub Web App (Vercel hosted) | G16: User is looking at the Sign In form design layer | H16: 1. Type characters into the password field wrapper. 2. Click the eye mask toggle visibility icon widget button inside the field edge row. 3. Verify the broken/missing text indicators for the 'auth-side-bg' image banner placeholder area. | I16: Clicking the mask icon toggles text safely between masked dots and readable text. Broken asset tags for 'auth-side-bg' show that graphic images are missing. | J16: The password visibility toggle icon works as expected, successfully switching the password input visibility. However, a visual bug was found in Step 3: the side banner placeholder area (auth-side-bg) displays a broken/missing text image indicator, failing to render the background banner asset correctly. | K16: https://prnt.sc/tZFA7JSQdgvH
A17: BUG-009 | B17: Job count mismatch: displays 'Total 54 Items' instead of expected 46 | C17: Public Job Board | D17: Medium | E17: Medium | F17: Chrome Browser - Desktop, HireHub Web App (Vercel hosted) | G17: User navigates to the public jobs feed subroute /jobs | H17: 1. Open the HireHub Find Jobs portal page. 2. Observe the total item count text label ('Total 46 Items'). 3. Click on the page pagination control button numbered '2'. | I17: The system seamlessly populates the next page grid cluster item sequence, matching exactly the incremental feed payload without broken element styles. | J17: A data validation bug was found in Step 2. The total item count text label displays "Total 54 Items" (as verified in image_c58abd.png), which contradicts the expected "Total 46 Items" layout specification. Clicking on the pagination control button numbered '2' successfully shifts the active state to page 2, but the underlying data remains as dummy strings. | K17: https://prnt.sc/iWYPNZb9xDEX https://prnt.sc/iWYPNZb9xDEX
A18: BUG-010 | B18: Job filter sidebar/panel missing on Find Jobs page | C18: Public Job Board | D18: High | E18: High | F18: Chrome Browser - Desktop, HireHub Web App (Vercel hosted) | G18: User is browsing the job board filter pane | H18: 1. Select the 'Full-Time' checkbox or value stream filter option. 2. In tandem, apply 'Entry level' or 'Mid level' constraints. | I18: The public board system queries and filters the view template immediately, showing only corresponding items matching both target properties. | J18: Critical UI bug found. There is no filter pane, sidebar, or checkbox widget available on the page to select 'Full-Time', 'Entry level', or 'Mid level' options as described in the steps. The interactive filter component is completely missing from the interface layout. | K18: https://prnt.sc/4FteVsaP8Ijb
A19: BUG-011 | B19: Application submission fails with 'EROFS: read-only file system' error | C19: Public Job Board | D19: Critical | E19: Critical | F19: Chrome Browser - Desktop, HireHub Web App (Vercel hosted) | G19: User clicks 'Apply Now' causing the application input panel overlay modal to pop up | H19: 1. Complete required identity text input placeholders. 2. Attempt to drop or upload an invalid executable file (.exe) or a document layout exceeding 5MB boundary extremes. | I19: The system immediately detects the rule discrepancy and surfaces an validation message blocking the invalid document payload from hitting the backend server environment. | J19: A critical server-side uploading bug was captured during submission. Even when uploading a valid PDF document layout within the boundary size limits (415 KB), clicking 'Submit application' fails and throws a runtime toast error message notification: 'Submission failed - EROFS: read-only file system'. | K19: https://prnt.sc/7NJ1p0FDVXQ4
... A34: BUG-027 | B34: No max-length/boundary validation on Company Name and numeric fields | C34: Admin Portal | D34: Medium | E34: Medium | F34: Chrome Browser - Desktop, HireHub Web App (Vercel hosted), Admin session | G34: Admin views Recent Platform Registrations or handles search inputs | H34: 1. Identify the recorded malicious candidate name field containing an active SQL snippet query like " ' OR '1'='1 " (as captured in Screenshot_3). 2. Attempt to search or filter using this data string value. | I34: System utilizes param binding or character sanitization. The injection payload string handles as raw textual data without generating structural database breakdown risks. | J34: The interface validation logic fails to constrain extreme length inputs securely. Permitting a Company Name string input longer than 255 characters or negative numbers in limit thresholds does not trigger proper client-side validation blockers. The unvalidated extreme length payload bypasses text limits, leading to structural layout breaking bugs and data grid overflows instead of being safely rejected. | K34: https://prnt.sc/b2VxGmuJWNXD
A35: BUG-028 | B35: Candidate can directly access Admin routes (/portal, /portal/users) without redirect | C35: Admin Portal | D35: Medium | E35: Critical | F35: Chrome Browser - Desktop, HireHub Web App (Vercel hosted), Candidate session | G35: Candidate credentials session is loaded in active state | H35: 1. Manually type the administrative console path endpoint link (/portal, /portal/users) directly inside the browser address line field entry. | I35: Dynamic route guard checking processes intercept the call immediately, completely blocking template generation and forcing redirection to the user space. | J35: Critical authorization bypass detected via broken function-level access control. An active candidate credentials session can directly navigate to and load the administrative console path endpoints (/portal and /portal/users) when typed straight into the browser address line field. The system fails to intercept the unauthorized request, check account privileges, or redirect the session, exposing restricted administrative views to standard candidates.
A36: BUG-029 | B36: Admin API endpoints return data without validating session token (IDOR) | C36: Admin Portal | D36: Critical | E36: Critical | F36: Chrome Browser - Desktop, HireHub Web App (Vercel hosted), DevTools network interception | G36: User is evaluating internal console API communication links | H36: 1. Clear out session token elements from browser tracking arrays. 2. Attempt to hit active administrative data request paths (e.g., /portal/jobs table query triggers). | I36: Core framework drops data transmission immediately, returning an implicit unauthorized response error status code, blocking data leakage. | J36: Broken authentication and insecure direct object reference (IDOR) vulnerabilities exist. After clearing out session token elements from browser tracking arrays, attempting to hit active administrative data request paths (such as the /portal/jobs table query triggers) successfully bypasses authorization controls. The backend endpoints fail to validate token parameters, returning data payloads to an unauthenticated request instead of throwing a 401 Unauthorized status exception. | K36: https://prnt.sc/w3-bTlBdyKHP
A37: BUG-030 | B37: Dark theme toggle causes severe layout distortion across admin tables | C37: Admin Portal | D37: Medium | E37: Medium | F37: Chrome Browser - Desktop, HireHub Web App (Vercel hosted), Admin session | G37: Admin is moving across layout views on desktop screen displays | H37: 1. Click the dark theme toggle icon button inside the top banner array. 2. Verify spacing consistency across data list page matrices. 3. Identify broken/missing layout files (e.g., missing 'auth-side-bg' references). | I37: Theme changes without breaking structural container layouts. Rows render within margin boundaries and columns scale properly during table page resizing operations. | J37: The theme toggle and layout spacing consistency check fails structural validation. Triggering the dark theme toggle icon button within the top banner array aggravates severe layout distortion across data list page matrices. The container wrapper layout grid collapses rigidly toward the right margin interface, causing massive inconsistent spacing and revealing broken alignment hooks derived from unmapped static layout resource files.
A38: BUG-031 | B38: Administrative 'Delete' button action handler is non-functional across the user management candidate datatable matrix | C38: User Management / Candidate Grid Matrix | D38: High | E38: High | F38: Chrome Browser - Desktop, HireHub Web App (Vercel hosted), Production Build Environment (/portal/users) | G38: User is logged in with administrative session privileges and actively evaluating the user collective management dashboard grid profiles. | H38: 1. Navigate to the primary administrative 'Manage Users' control panel section (/portal/users). 2. Scroll down or paginate through the active database registry collection to view target candidate entity profiles. 3. Click the red 'Delete' action button element assigned to any targeted user row layout (such as the rows tracked in image_6bdee6.png). 4. Inspect the client browser network activity logs and monitor active UI notification toast states. | I38: The application framework must process a valid HTTP DELETE transaction payload, remove the target profile entity from the system database permanently, evict the corresponding table row from the front-end layout grid, and cleanly re-render the view state. | J38: The user data grid row eviction mechanism is completely broken across the matrix. Explicitly clicking the red 'Delete' action button component fails to initiate any API backend mutation handler or trigger a validation prompt. The user profile records remain completely static and persist on the screen. Additionally, as captured in image_6bdee6.png, long string properties for entity ID 25A1197F break spatial table constraints, creating massive container layout distortion. | K38: https://kommodo.ai/i/EZ263uB26x6cDfSo4obA
A39: BUG-032 | B39: Label Text Inconsistency between the left navigation sidebar menu and the right administrative quick actions array | C39: Global Portal Dashboard UI / Layout Matrix | D39: Low | E39: Low | F39: Chrome Browser - Desktop, HireHub Web App (Vercel hosted), Production Build Layout (/portal) | G39: User is logged in with active administrative tier privileges and viewing the centralized portal command workspace. | H39: 1. Access the application portal and sign in using administrative profile credentials. 2. Observe the text labels inside the red highlighted left sidebar navigation menu array. 3. Compare them directly against the corresponding button label metrics displayed under the 'Administrative Actions' container block on the right side of the dashboard layout (as captured in Screenshot_6.png). | I39: Interface typography and nomenclature must be strictly synchronized and consistent across the workspace viewport. The feature labels on the dashboard quick actions block should exactly match the text descriptors used in the main navigation sidebar to maintain user legibility. | J39: Severe text inconsistency and mismatched UI labels are present across the viewport context as shown in Screenshot_6.png. The system lists "Manage Users", "All Jobs", and "Settings" in the left navigation layout while mapping the exact same component targets as "Manage All Users", "Monitor Active Jobs", and "Global System Settings" on the right banner actions grid. Additionally, the recurring text wrapping failure (User Management page/User Management page...) persists within the active platform registry section. | K39: https://kommodo.ai/i/ef5hoSwPUjb37qNetTy8
A40: BUG-033 | B40: Broken routing configuration on 'Explore Job Market' quick link shortcut redirects candidates to access-denied error handler | C40: Candidate Dashboard / Navigation Shortcut Blocks | D40: Medium | E40: High | F40: Chrome Browser - Desktop, HireHub Web App (Vercel hosted), Candidate Workspace Build (/portal) | G40: User is logged in with standard Candidate role credentials and actively viewing the main portal configuration terminal. | H40: 1. Log into the application using valid Candidate platform profile credentials. 2. Locate the 'Candidate Shortcuts' sidebar widget array situated on the bottom right quadrant of the active view grid as highlighted in Screenshot_7.png. 3. Click explicitly on the first quick action wrapper element labeled "Explore Job Market". 4. Monitor the subsequent address URL transition changes and observe the resulting UI layout framework. | I40: The application interface must process the router path cleanly and dispatch the candidate to the active public vacancy explorer grid table or job listings workspace page. | J40: The action handler contains a critical layout configuration mismatch or dead router assignment. As tracked via Screenshot_7.png and image_6c4b43.png, triggering the "Explore Job Market" button mistakenly forces a redirection sequence straight into the restricted /access-denied link endpoint directory. The front-end layout breaks parameters and displays an incorrect "404 Ops! Page not found" fallback landing view to authorized candidates. | K40: https://kommodo.ai/i/XqQBiJorQ7U6Uy9yY7IN

Sheet Summary
A1: HireHub - Bug Report Summary
A3: Product Name: | B3: ='Bug Report'!B2 -> HireHub | C3: Report Date | D3: 46205
A4: Total Bugs Found | B4: =COUNTA('Bug Report'!A9:A40) -> 32
A6: Bugs by Severity
A7: Severity | B7: Count | C7: % of Total
A8: Critical | B8: =COUNTIF('Bug Report'!D9:D40,A8) -> 7 | C8: =B8/$B$4 -> 0.21875
A9: High | B9: =COUNTIF('Bug Report'!D9:D40,A9) -> 11 | C9: =B9/$B$4 -> 0.34375
A10: Medium | B10: =COUNTIF('Bug Report'!D9:D40,A10) -> 10 | C10: =B10/$B$4 -> 0.3125
A11: Low | B11: =COUNTIF('Bug Report'!D9:D40,A11) -> 4 | C11: =B11/$B$4 -> 0.125
A12: Total | B12: =SUM(B8:B11) -> 32
A14: Bugs by Priority
A15: Priority | B15: Count | C15: % of Total
A16: Critical | B16: =COUNTIF('Bug Report'!E9:E40,A16) -> 8 | C16: =B16/$B$4 -> 0.25
A17: High | B17: =COUNTIF('Bug Report'!E9:E40,A17) -> 13 | C17: =B17/$B$4 -> 0.40625
A18: Medium | B18: =COUNTIF('Bug Report'!E9:E40,A18) -> 9 | C18: =B18/$B$4 -> 0.28125
A19: Low | B19: =COUNTIF('Bug Report'!E9:E40,A19) -> 2 | C19: =B19/$B$4 -> 0.0625
A20: Total | B20: =SUM(B16:B19) -> 32
A22: Bugs by Module
A23: Module | B23: Count | C23: % of Total
A24: Home Page | B24: =COUNTIF('Bug Report'!C9:C40,A24) -> 5 | C24: =B24/$B$4 -> 0.15625
A25: Authentication | B25: =COUNTIF('Bug Report'!C9:C40,A25) -> 4 | C25: =B25/$B$4 -> 0.125
A26: Public Job Board | B26: =COUNTIF('Bug Report'!C9:C40,A26) -> 5 | C26: =B26/$B$4 -> 0.15625
A27: Candidate Portal | B27: =COUNTIF('Bug Report'!C9:C40,A27) -> 5 | C27: =B27/$B$4 -> 0.15625
A28: Recruiter Portal | B28: =COUNTIF('Bug Report'!C9:C40,A28) -> 4 | C28: =B28/$B$4 -> 0.125
A29: Admin Portal | B29: =COUNTIF('Bug Report'!C9:C40,A29) -> 6 | C29: =B29/$B$4 -> 0.1875
A30: User Management / Candidate Grid Matrix | B30: =COUNTIF('Bug Report'!C9:C40,A30) -> 1 | C30: =B30/$B$4 -> 0.03125
A31: Global Portal Dashboard UI / Layout Matrix | B31: =COUNTIF('Bug Report'!C9:C40,A31) -> 1 | C31: =B31/$B$4 -> 0.03125
A32: Candidate Dashboard / Navigation Shortcut Blocks | B32: =COUNTIF('Bug Report'!C9:C40,A32) -> 1 | C32: =B32/$B$4 -> 0.03125
A33: Total | B33: =SUM(B24:B32) -> 32
A35: Critical Security Bugs
A36: Count | B36: =COUNTIF('Bug Report'!D9:D40,"Critical") -> 7
